Face mask (physical object),Measurement of respiratory function (procedure),Medication Reconciliation (procedure),Oxygen administration by mask (procedure),Placing subject in prone position (procedure),Plain chest X-ray (procedure),Sputum examination (procedure),Fitness,Throat culture (procedure)
0,0,0,0,0,0,1,0.8,0.0
0,0,0,0,0,0,1,0.8,0.0
0,0,0,0,0,0,1,0.8,0.0
0,0,0,0,0,0,1,0.8,0.0
0,0,0,0,0,0,1,0.8,0.0
0,0,0,0,0,0,1,0.8,0.0
0,0,0,0,0,0,1,0.8,0.0
0,0,0,0,0,0,1,0.8,0.0
0,0,0,0,0,0,1,0.8,0.0
0,0,0,0,0,0,0,0.9999000099990001,0.0
0,0,0,0,0,0,0,0.9999000099990001,0.0
0,0,0,0,0,0,0,0.9999000099990001,0.0
0,0,0,0,0,0,0,0.9999000099990001,0.0
0,0,0,0,0,0,0,0.9999000099990001,0.0
0,0,0,0,0,0,0,0.9999000099990001,0.0
0,0,0,0,0,0,0,0.9999000099990001,0.0
0,0,0,0,0,0,0,0.9999000099990001,0.0
0,0,0,0,0,0,0,0.9999000099990001,0.0
0,0,0,0,0,0,0,0.9999000099990001,0.0
0,0,0,0,0,0,0,0.9999000099990001,0.0
0,0,0,0,0,0,0,0.9999000099990001,0.0
0,0,0,0,0,0,0,0.9999000099990001,0.0
0,0,0,0,0,0,0,0.9999000099990001,0.0
0,0,0,0,0,0,0,0.9999000099990001,0.0
0,0,0,0,0,0,0,0.9999000099990001,0.0
0,0,0,0,0,0,0,0.9999000099990001,0.0
0,0,0,0,0,0,0,0.9999000099990001,0.0
0,0,0,0,0,0,0,0.9999000099990001,0.0
0,0,0,0,0,0,0,0.9999000099990001,0.0
0,0,0,0,0,0,0,0.9999000099990001,0.0
0,0,0,0,0,0,0,0.9999000099990001,0.0
0,1,0,0,0,0,0,0.6666222251849876,0.0
0,1,0,0,0,0,0,0.6666222251849876,0.0
0,1,0,0,0,0,0,0.6666222251849876,0.0
0,1,0,0,0,0,0,0.6666222251849876,0.0
0,1,0,0,0,0,0,0.6666222251849876,0.0
0,1,0,0,0,0,0,0.6666222251849876,0.0
0,1,0,0,0,0,0,0.6666222251849876,0.0
0,1,0,0,0,0,0,0.6666222251849876,0.0
0,1,0,0,0,0,0,0.6666222251849876,0.0
0,1,1,0,0,0,0,0.6666666666666667,0.0
0,1,1,0,0,0,0,0.6666666666666667,0.0
0,1,1,0,0,0,0,0.6666666666666667,0.0
0,1,1,0,0,0,0,0.6666666666666667,0.0
0,1,1,0,0,0,0,0.6666666666666667,0.0
0,0,0,0,0,0,0,1.0,0.0
0,0,0,0,0,0,0,1.0,0.0
0,0,0,0,0,0,0,1.0,0.0
0,0,0,0,0,0,0,1.0,0.0
0,0,0,0,0,0,0,1.0,0.0
0,0,0,0,0,0,0,1.0,0.0
0,0,0,0,0,0,0,1.0,0.0
0,0,0,0,0,0,0,1.0,0.0
0,0,0,0,0,0,0,1.0,0.0
0,0,0,0,0,0,0,1.0,0.0
0,0,0,0,0,0,0,1.0,0.0
0,0,0,0,0,0,0,1.0,0.0
0,0,0,0,0,0,0,1.0,0.0
0,0,0,0,0,0,0,1.0,0.0
0,0,0,0,0,0,0,1.0,0.0
0,0,0,0,0,0,0,1.0,0.0
0,0,0,0,0,0,0,1.0,0.0
0,0,0,0,0,0,0,1.0,0.0
0,0,0,0,0,0,1,0.7999680012799488,0.0
0,0,0,0,0,0,1,0.7999680012799488,0.0
0,0,0,0,0,0,1,0.7999680012799488,0.0
0,1,0,0,0,0,0,0.8,0.0
0,1,0,0,0,0,0,0.8,0.0
0,1,0,0,0,0,0,0.8,0.0
0,1,0,0,0,0,0,0.8,0.0
0,1,0,0,0,0,0,0.8,0.0
0,1,0,0,0,0,0,0.8,0.0
0,1,0,0,0,0,0,0.8,0.0
0,1,0,0,0,0,0,0.8,0.0
0,1,0,0,0,0,0,0.8,0.0
0,0,0,0,0,0,0,0.999950002499875,0.0
0,0,0,0,0,0,0,0.999950002499875,0.0
0,0,0,0,0,0,0,0.999950002499875,0.0
0,0,0,0,0,0,0,0.999950002499875,0.0
0,0,0,0,0,0,0,0.999950002499875,0.0
0,0,0,0,0,0,0,0.999950002499875,0.0
0,1,0,0,0,0,0,0.7999680012799488,0.0
0,1,0,0,0,0,0,0.7999680012799488,0.0
0,1,0,0,0,0,0,0.7999680012799488,0.0
0,1,0,0,0,0,0,0.7999680012799488,0.0
0,1,0,0,0,0,0,0.7999680012799488,0.0
0,1,0,0,0,0,0,0.7999680012799488,0.0
0,1,0,0,0,0,0,0.7999680012799488,0.0
0,0,0,0,0,0,1,0.8,0.0
0,0,0,0,0,0,1,0.8,0.0
0,0,0,0,0,0,1,0.8,0.0
0,0,0,0,0,0,1,0.8,0.0
0,1,0,0,0,0,0,0.6666222251849876,0.0
0,1,0,0,0,0,0,0.6666222251849876,0.0
0,1,0,0,0,0,0,0.6666222251849876,0.0
0,1,0,0,0,0,0,0.6666222251849876,0.0
0,1,0,0,0,0,0,0.6666222251849876,0.0
0,1,0,0,0,0,0,0.6666222251849876,0.0
0,1,0,0,0,0,0,0.6666222251849876,0.0
0,1,0,0,0,0,0,0.6666222251849876,0.0
0,1,0,0,0,0,0,0.6666222251849876,0.0
0,1,0,0,0,0,0,0.6666222251849876,0.0
0,1,0,0,0,0,0,0.6666222251849876,0.0
0,1,0,0,0,0,0,0.6666222251849876,0.0
0,1,0,0,0,0,0,0.6666222251849876,0.0
0,1,0,0,0,0,0,0.6666222251849876,0.0
0,1,0,0,0,0,0,0.6666222251849876,0.0
0,1,0,0,0,0,0,0.6666222251849876,0.0
0,1,0,0,0,0,0,0.6666222251849876,0.0
0,1,0,0,0,0,0,0.6666222251849876,0.0
0,1,0,0,0,0,0,0.6666222251849876,0.0
0,1,0,0,0,0,0,0.6666222251849876,0.0
0,1,0,0,0,0,0,0.6666222251849876,0.0
0,1,0,0,0,0,0,0.6666222251849876,0.0
0,1,0,0,0,0,0,0.6666222251849876,0.0
0,1,0,0,0,0,0,0.6666222251849876,0.0
0,1,0,0,0,0,0,0.6666222251849876,0.0
0,1,0,0,0,0,0,0.6666222251849876,0.0
0,1,0,0,0,0,0,0.6666222251849876,0.0
0,1,0,0,0,0,0,0.6666222251849876,0.0
0,1,0,0,0,0,0,0.6666222251849876,0.0
0,1,0,0,0,0,0,0.6666222251849876,0.0
0,1,0,0,0,0,0,0.6666222251849876,0.0
0,0,0,0,0,0,1,0.6666222251849876,0.0
0,0,0,0,0,0,1,0.6666222251849876,0.0
0,0,0,0,0,0,1,0.6666222251849876,0.0
0,0,0,0,0,0,1,0.6666222251849876,0.0
0,0,0,0,0,0,1,0.6666222251849876,0.0
0,0,0,0,0,0,1,0.6666222251849876,0.0
0,0,0,0,0,0,1,0.6666222251849876,0.0
0,0,0,0,0,0,1,0.6666222251849876,0.0
0,0,0,0,0,0,1,0.6666222251849876,0.0
0,0,0,0,0,0,1,0.6666222251849876,0.0
0,0,1,0,0,0,0,0.8,0.0
0,0,1,0,0,0,0,0.8,0.0
0,0,1,0,0,0,0,0.8,0.0
0,0,1,0,0,0,0,0.8,0.0
0,0,1,0,0,0,1,0.6666666666666667,0.0
0,0,1,0,0,0,1,0.6666666666666667,0.0
0,0,1,0,0,0,1,0.6666666666666667,0.0
0,1,0,0,0,0,0,0.8,0.0
0,1,0,0,0,0,0,0.8,0.0
0,1,0,0,0,0,0,0.8,0.0
0,1,0,0,0,0,0,0.8,0.0
0,1,0,0,0,0,0,0.8,0.0
0,1,0,0,0,0,0,0.8,0.0
0,1,0,0,0,0,0,0.8,0.0
0,1,0,0,0,0,0,0.8,0.0
0,1,0,0,0,0,0,0.8,0.0
0,1,0,0,0,0,0,0.8,0.0
0,1,0,0,0,0,0,0.8,0.0
0,1,0,0,0,0,0,0.8,0.0
0,1,0,0,0,0,0,0.8,0.0
0,1,1,0,0,0,0,0.6666666666666667,0.0
0,1,1,0,0,0,0,0.6666666666666667,0.0
0,1,1,0,0,0,0,0.6666666666666667,0.0
0,1,1,0,0,0,0,0.6666666666666667,0.0
0,0,0,0,0,1,0,0.6666222251849876,0.0
0,0,0,0,0,1,0,0.6666222251849876,0.0
0,0,0,0,0,1,0,0.6666222251849876,0.0
0,0,0,0,0,1,0,0.6666222251849876,0.0
0,1,0,0,0,0,0,0.7999680012799488,0.0
0,1,0,0,0,0,0,0.7999680012799488,0.0
0,1,0,0,0,0,0,0.7999680012799488,0.0
0,1,0,0,0,0,0,0.9599961600153599,0.0
0,1,0,0,0,0,0,0.9599961600153599,0.0
0,1,0,0,0,0,0,0.9599961600153599,0.0
