Colonoscopy,Face mask (physical object),Medication Reconciliation (procedure),Oxygen administration by mask (procedure),Placing subject in prone position (procedure),Plain chest X-ray (procedure),Throat culture (procedure),Fitness,Intramuscular injection,Measurement of respiratory function (procedure),Electrical cardioversion,Suture open wound
0.0,0,0.0,0.0,0.0,0.0,0.0,0.999950002499875,0.0,0.0,0.0,0.0
0.0,0,0.0,0.0,0.0,0.0,0.0,0.999950002499875,0.0,0.0,0.0,0.0
0.0,0,0.0,0.0,0.0,0.0,0.0,0.999950002499875,0.0,0.0,0.0,0.0
0.0,0,0.0,0.0,0.0,0.0,0.0,0.999950002499875,0.0,0.0,0.0,0.0
0.0,0,0.0,0.0,0.0,0.0,0.0,0.999950002499875,0.0,0.0,0.0,0.0
0.0,0,0.0,0.0,0.0,0.0,0.0,0.999950002499875,0.0,0.0,0.0,0.0
0.0,0,0.0,0.0,0.0,0.0,0.0,0.999950002499875,0.0,0.0,0.0,0.0
0.0,0,0.0,0.0,0.0,0.0,0.0,0.999950002499875,0.0,0.0,0.0,0.0
0.0,0,0.0,0.0,0.0,0.0,0.0,0.999950002499875,0.0,0.0,0.0,0.0
0.0,0,0.0,0.0,0.0,0.0,0.0,0.999950002499875,0.0,0.0,0.0,0.0
0.0,0,0.0,0.0,0.0,0.0,0.0,0.999950002499875,0.0,0.0,0.0,0.0
0.0,0,0.0,0.0,0.0,0.0,0.0,0.999950002499875,0.0,0.0,0.0,0.0
0.0,0,0.0,0.0,0.0,0.0,0.0,0.999950002499875,0.0,0.0,0.0,0.0
0.0,0,0.0,0.0,0.0,0.0,0.0,0.999950002499875,0.0,0.0,0.0,0.0
0.0,0,0.0,0.0,0.0,0.0,0.0,0.999950002499875,0.0,0.0,0.0,0.0
0.0,0,0.0,0.0,0.0,0.0,0.0,0.999950002499875,0.0,0.0,0.0,0.0
0.0,0,0.0,0.0,0.0,0.0,0.0,0.999950002499875,0.0,0.0,0.0,0.0
0.0,0,0.0,0.0,0.0,0.0,0.0,0.999950002499875,0.0,0.0,0.0,0.0
0.0,0,0.0,0.0,0.0,0.0,0.0,0.999950002499875,0.0,0.0,0.0,0.0
0.0,0,0.0,0.0,0.0,0.0,0.0,0.999950002499875,0.0,0.0,0.0,0.0
0.0,0,0.0,0.0,0.0,0.0,0.0,0.999950002499875,0.0,0.0,0.0,0.0
0.0,0,0.0,0.0,0.0,0.0,0.0,0.999950002499875,0.0,0.0,0.0,0.0
0.0,0,0.0,0.0,0.0,0.0,0.0,0.999950002499875,0.0,0.0,0.0,0.0
0.0,0,0.0,0.0,0.0,0.0,0.0,0.999950002499875,0.0,0.0,0.0,0.0
0.0,0,0.0,0.0,0.0,0.0,0.0,0.999950002499875,0.0,0.0,0.0,0.0
0.0,0,0.0,0.0,0.0,0.0,0.0,0.999950002499875,0.0,0.0,0.0,0.0
0.0,0,0.0,0.0,0.0,0.0,0.0,0.999950002499875,0.0,0.0,0.0,0.0
0.0,0,0.0,0.0,0.0,0.0,0.0,0.999950002499875,0.0,0.0,0.0,0.0
0.0,0,0.0,0.0,0.0,0.0,0.0,0.999950002499875,0.0,0.0,0.0,0.0
0.0,0,0.0,0.0,0.0,0.0,0.0,0.999950002499875,0.0,0.0,0.0,0.0
0.0,0,0.0,0.0,0.0,0.0,0.0,0.999950002499875,0.0,0.0,0.0,0.0
0.0,0,0.0,0.0,0.0,0.0,0.0,0.999950002499875,0.0,0.0,0.0,0.0
0.0,0,0.0,0.0,0.0,0.0,0.0,0.999950002499875,0.0,0.0,0.0,0.0
0.0,0,0.0,0.0,0.0,0.0,0.0,0.999950002499875,0.0,0.0,0.0,0.0
0.0,0,0.0,0.0,0.0,0.0,0.0,0.999950002499875,0.0,0.0,0.0,0.0
0.0,0,0.0,0.0,0.0,0.0,0.0,0.999950002499875,0.0,0.0,0.0,0.0
0.0,0,0.0,0.0,0.0,0.0,0.0,0.999950002499875,0.0,0.0,0.0,0.0
0.0,0,0.0,0.0,0.0,0.0,0.0,0.999950002499875,0.0,0.0,0.0,0.0
0.0,0,0.0,0.0,0.0,0.0,0.0,0.999950002499875,0.0,0.0,0.0,0.0
0.0,0,0.0,0.0,0.0,0.0,0.0,0.999950002499875,0.0,0.0,0.0,0.0
0.0,0,0.0,0.0,0.0,0.0,0.0,0.999950002499875,0.0,0.0,0.0,0.0
0.0,0,0.0,0.0,0.0,0.0,0.0,0.999950002499875,0.0,0.0,0.0,0.0
0.0,0,0.0,0.0,0.0,0.0,0.0,0.999950002499875,0.0,0.0,0.0,0.0
0.0,0,0.0,0.0,0.0,0.0,0.0,0.999950002499875,0.0,0.0,0.0,0.0
0.0,0,0.0,0.0,0.0,0.0,0.0,0.999950002499875,0.0,0.0,0.0,0.0
0.0,0,0.0,0.0,0.0,0.0,0.0,0.999950002499875,0.0,0.0,0.0,0.0
0.0,0,0.0,0.0,0.0,0.0,0.0,0.999950002499875,0.0,0.0,0.0,0.0
0.0,0,0.0,0.0,0.0,0.0,0.0,0.999950002499875,0.0,0.0,0.0,0.0
0.0,0,0.0,0.0,0.0,0.0,0.0,0.999950002499875,0.0,0.0,0.0,0.0
0.0,0,0.0,0.0,0.0,0.0,0.0,0.999950002499875,0.0,0.0,0.0,0.0
0.0,0,0.0,0.0,0.0,0.0,0.0,0.999950002499875,0.0,0.0,0.0,0.0
0.0,0,0.0,0.0,0.0,0.0,0.0,0.999950002499875,0.0,0.0,0.0,0.0
0.0,0,0.0,0.0,0.0,0.0,0.0,0.999950002499875,0.0,0.0,0.0,0.0
0.0,0,0.0,0.0,0.0,0.0,0.0,0.999950002499875,0.0,0.0,0.0,0.0
0.0,0,0.0,0.0,0.0,0.0,0.0,0.999950002499875,0.0,0.0,0.0,0.0
0.0,0,0.0,0.0,0.0,0.0,0.0,0.999950002499875,0.0,0.0,0.0,0.0
0.0,0,0.0,0.0,0.0,0.0,0.0,0.999950002499875,0.0,0.0,0.0,0.0
0.0,0,0.0,0.0,0.0,0.0,0.0,0.999950002499875,0.0,0.0,0.0,0.0
0.0,0,0.0,0.0,0.0,0.0,0.0,0.999950002499875,0.0,0.0,0.0,0.0
0.0,0,0.0,0.0,0.0,0.0,0.0,0.999950002499875,0.0,0.0,0.0,0.0
0.0,0,0.0,0.0,0.0,0.0,0.0,0.999950002499875,0.0,0.0,0.0,0.0
0.0,0,0.0,0.0,0.0,0.0,0.0,0.999950002499875,0.0,0.0,0.0,0.0
0.0,0,0.0,0.0,0.0,0.0,0.0,0.999950002499875,0.0,0.0,0.0,0.0
0.0,0,0.0,0.0,0.0,0.0,0.0,0.999950002499875,0.0,0.0,0.0,0.0
0.0,0,0.0,0.0,0.0,0.0,0.0,0.999950002499875,0.0,0.0,0.0,0.0
0.0,0,0.0,0.0,0.0,0.0,0.0,0.999950002499875,0.0,0.0,0.0,0.0
0.0,0,0.0,0.0,0.0,0.0,0.0,0.999950002499875,0.0,0.0,0.0,0.0
0.0,0,0.0,0.0,0.0,0.0,0.0,0.999950002499875,0.0,0.0,0.0,0.0
0.0,0,0.0,0.0,0.0,0.0,0.0,0.999950002499875,0.0,0.0,0.0,0.0
0.0,0,0.0,0.0,0.0,0.0,0.0,0.999950002499875,0.0,0.0,0.0,0.0
0.0,0,0.0,0.0,0.0,0.0,0.0,0.999950002499875,0.0,0.0,0.0,0.0
0.0,0,0.0,0.0,0.0,0.0,0.0,0.999950002499875,0.0,0.0,0.0,0.0
0.0,0,0.0,0.0,0.0,0.0,0.0,0.999950002499875,0.0,0.0,0.0,0.0
0.0,0,0.0,0.0,0.0,0.0,0.0,0.999950002499875,0.0,0.0,0.0,0.0
0.0,0,0.0,0.0,0.0,0.0,0.0,0.999950002499875,0.0,0.0,0.0,0.0
0.0,0,0.0,0.0,0.0,0.0,0.0,0.999950002499875,0.0,0.0,0.0,0.0
0.0,0,0.0,0.0,0.0,0.0,0.0,0.999950002499875,0.0,0.0,0.0,0.0
0.0,0,0.0,0.0,0.0,0.0,0.0,0.999950002499875,0.0,0.0,0.0,0.0
0.0,0,0.0,0.0,0.0,0.0,0.0,0.999950002499875,0.0,0.0,0.0,0.0
0.0,0,0.0,0.0,0.0,0.0,0.0,0.999950002499875,0.0,0.0,0.0,0.0
0.0,0,0.0,0.0,0.0,0.0,0.0,0.999950002499875,0.0,0.0,0.0,0.0
0.0,0,0.0,0.0,0.0,0.0,0.0,0.999950002499875,0.0,0.0,0.0,0.0
0.0,0,0.0,0.0,0.0,0.0,0.0,0.999950002499875,0.0,0.0,0.0,0.0
0.0,0,0.0,0.0,0.0,0.0,0.0,0.999950002499875,0.0,0.0,0.0,0.0
0.0,0,0.0,0.0,0.0,0.0,0.0,0.999950002499875,0.0,0.0,0.0,0.0
0.0,0,0.0,0.0,0.0,0.0,0.0,0.999950002499875,0.0,0.0,0.0,0.0
0.0,0,0.0,0.0,0.0,0.0,0.0,0.999950002499875,0.0,0.0,0.0,0.0
0.0,0,0.0,0.0,0.0,0.0,0.0,0.999950002499875,0.0,0.0,0.0,0.0
0.0,0,0.0,0.0,0.0,0.0,0.0,0.999950002499875,0.0,0.0,0.0,0.0
0.0,0,0.0,0.0,0.0,0.0,0.0,0.999950002499875,0.0,0.0,0.0,0.0
0.0,0,0.0,0.0,0.0,0.0,0.0,0.999950002499875,0.0,0.0,0.0,0.0
0.0,0,0.0,0.0,0.0,0.0,0.0,0.999950002499875,0.0,0.0,0.0,0.0
0.0,0,0.0,0.0,0.0,0.0,0.0,0.999950002499875,0.0,0.0,0.0,0.0
0.0,0,0.0,0.0,0.0,0.0,0.0,0.999950002499875,0.0,0.0,0.0,0.0
0.0,0,0.0,0.0,0.0,0.0,0.0,0.999950002499875,0.0,0.0,0.0,0.0
0.0,0,0.0,0.0,0.0,0.0,0.0,0.999950002499875,0.0,0.0,0.0,0.0
0.0,0,0.0,0.0,0.0,0.0,0.0,0.999950002499875,0.0,0.0,0.0,0.0
0.0,0,0.0,0.0,0.0,0.0,0.0,0.999950002499875,0.0,0.0,0.0,0.0
0.0,0,0.0,0.0,0.0,0.0,0.0,0.999950002499875,0.0,0.0,0.0,0.0
0.0,0,0.0,0.0,0.0,0.0,0.0,0.999950002499875,0.0,0.0,0.0,0.0
0.0,0,0.0,0.0,0.0,0.0,0.0,0.999950002499875,0.0,0.0,0.0,0.0
0.0,0,0.0,0.0,0.0,0.0,0.0,0.999950002499875,0.0,0.0,0.0,0.0
0.0,0,0.0,0.0,0.0,0.0,0.0,0.999950002499875,0.0,0.0,0.0,0.0
0.0,0,0.0,0.0,0.0,0.0,0.0,0.999950002499875,0.0,0.0,0.0,0.0
0.0,0,0.0,0.0,0.0,0.0,0.0,0.999950002499875,0.0,0.0,0.0,0.0
0.0,0,0.0,0.0,0.0,0.0,0.0,0.999950002499875,0.0,0.0,0.0,0.0
0.0,0,0.0,0.0,0.0,0.0,0.0,0.999950002499875,0.0,0.0,0.0,0.0
0.0,0,0.0,0.0,0.0,0.0,0.0,0.9999666677777408,0.0,0.0,0.0,0.0
0.0,0,0.0,0.0,0.0,0.0,0.0,0.9999666677777408,0.0,0.0,0.0,0.0
0.0,0,0.0,0.0,0.0,0.0,0.0,0.9999666677777408,0.0,0.0,0.0,0.0
0.0,0,0.0,0.0,0.0,0.0,0.0,0.9999666677777408,0.0,0.0,0.0,0.0
0.0,0,0.0,0.0,0.0,0.0,0.0,0.9999666677777408,0.0,0.0,0.0,0.0
0.0,0,0.0,0.0,0.0,0.0,0.0,0.9999666677777408,0.0,0.0,0.0,0.0
0.0,0,0.0,0.0,0.0,0.0,0.0,0.9999666677777408,0.0,0.0,0.0,0.0
0.0,0,0.0,0.0,0.0,0.0,0.0,0.9999666677777408,0.0,0.0,0.0,0.0
0.0,0,0.0,0.0,0.0,0.0,0.0,0.9999666677777408,0.0,0.0,0.0,0.0
0.0,0,0.0,0.0,0.0,0.0,0.0,0.9999666677777408,0.0,0.0,0.0,0.0
0.0,0,0.0,0.0,0.0,0.0,0.0,0.9999666677777408,0.0,0.0,0.0,0.0
0.0,0,0.0,0.0,0.0,0.0,0.0,0.9999666677777408,0.0,0.0,0.0,0.0
0.0,0,0.0,0.0,0.0,0.0,0.0,0.9999666677777408,0.0,0.0,0.0,0.0
0.0,0,0.0,0.0,0.0,0.0,0.0,0.9999666677777408,0.0,0.0,0.0,0.0
0.0,0,0.0,0.0,0.0,0.0,0.0,0.9999666677777408,0.0,0.0,0.0,0.0
0.0,0,0.0,0.0,0.0,0.0,0.0,0.9999666677777408,0.0,0.0,0.0,0.0
0.0,0,0.0,0.0,0.0,0.0,0.0,0.9999666677777408,0.0,0.0,0.0,0.0
0.0,0,0.0,0.0,0.0,0.0,0.0,0.9999666677777408,0.0,0.0,0.0,0.0
0.0,0,0.0,0.0,0.0,0.0,0.0,0.9999666677777408,0.0,0.0,0.0,0.0
0.0,0,0.0,0.0,0.0,0.0,0.0,0.9999666677777408,0.0,0.0,0.0,0.0
0.0,0,0.0,0.0,0.0,0.0,0.0,0.9999666677777408,0.0,0.0,0.0,0.0
0.0,0,0.0,0.0,0.0,0.0,0.0,0.9999666677777408,0.0,0.0,0.0,0.0
0.0,0,0.0,0.0,0.0,0.0,0.0,0.9999666677777408,0.0,0.0,0.0,0.0
0.0,0,0.0,0.0,0.0,0.0,0.0,0.9999666677777408,0.0,0.0,0.0,0.0
0.0,0,0.0,0.0,0.0,0.0,0.0,0.9999666677777408,0.0,0.0,0.0,0.0
0.0,0,0.0,0.0,0.0,0.0,0.0,0.9999666677777408,0.0,0.0,0.0,0.0
0.0,0,0.0,0.0,0.0,0.0,0.0,0.9999666677777408,0.0,0.0,0.0,0.0
0.0,0,0.0,0.0,0.0,0.0,0.0,0.9999666677777408,0.0,0.0,0.0,0.0
0.0,0,0.0,0.0,0.0,0.0,0.0,0.9999666677777408,0.0,0.0,0.0,0.0
0.0,0,0.0,0.0,0.0,0.0,0.0,0.9999666677777408,0.0,0.0,0.0,0.0
0.0,0,0.0,0.0,0.0,0.0,0.0,0.9999666677777408,0.0,0.0,0.0,0.0
0.0,0,0.0,0.0,0.0,0.0,0.0,0.9999666677777408,0.0,0.0,0.0,0.0
0.0,0,0.0,0.0,0.0,0.0,0.0,0.9999666677777408,0.0,0.0,0.0,0.0
0.0,0,0.0,0.0,0.0,0.0,0.0,0.9999666677777408,0.0,0.0,0.0,0.0
0.0,0,1.0,0.0,0.0,0.0,0.0,0.7999680012799488,0.0,0.0,0.0,0.0
0.0,0,1.0,0.0,0.0,0.0,0.0,0.7999680012799488,0.0,0.0,0.0,0.0
0.0,0,1.0,0.0,0.0,0.0,0.0,0.7999680012799488,0.0,0.0,0.0,0.0
0.0,0,1.0,0.0,0.0,0.0,0.0,0.7999680012799488,0.0,0.0,0.0,0.0
0.0,0,1.0,0.0,0.0,0.0,0.0,0.8571183680466272,0.0,0.0,0.0,0.0
0.0,0,1.0,0.0,0.0,0.0,0.0,0.8571183680466272,0.0,0.0,0.0,0.0
0.0,0,1.0,0.0,0.0,0.0,0.0,0.8571183680466272,0.0,0.0,0.0,0.0
0.0,0,0.0,0.0,0.0,0.0,0.0,0.9999958333506944,0.0,0.0,0.0,0.0
0.0,0,0.0,0.0,0.0,0.0,0.0,0.9999958333506944,0.0,0.0,0.0,0.0
0.0,0,0.0,0.0,0.0,0.0,0.0,0.9999958333506944,0.0,0.0,0.0,0.0
1.0,0,0.0,0.0,0.0,0.0,0.0,0.6666444451851605,0.0,0.0,0.0,0.0
1.0,0,0.0,0.0,0.0,0.0,0.0,0.6666444451851605,0.0,0.0,0.0,0.0
1.0,0,0.0,0.0,0.0,0.0,0.0,0.6666444451851605,0.0,0.0,0.0,0.0
1.0,0,0.0,0.0,0.0,0.0,0.0,0.6666444451851605,0.0,0.0,0.0,0.0
0.0,0,0.0,0.0,0.0,0.0,0.0,0.9999666677777408,0.0,0.0,0.0,0.0
0.0,0,0.0,0.0,0.0,0.0,0.0,0.9999666677777408,0.0,0.0,0.0,0.0
0.0,0,0.0,0.0,0.0,0.0,0.0,0.9999666677777408,0.0,0.0,0.0,0.0
0.0,0,0.0,0.0,0.0,0.0,0.0,0.9999666677777408,0.0,0.0,0.0,0.0
0.0,0,0.0,0.0,0.0,0.0,0.0,0.9999666677777408,0.0,0.0,0.0,0.0
0.0,0,0.0,0.0,0.0,0.0,0.0,0.9999666677777408,0.0,0.0,0.0,0.0
0.0,0,0.0,0.0,0.0,0.0,0.0,0.9999666677777408,0.0,0.0,0.0,0.0
0.0,0,0.0,0.0,0.0,0.0,0.0,0.9999666677777408,0.0,0.0,0.0,0.0
0.0,0,0.0,0.0,0.0,0.0,0.0,0.9999666677777408,0.0,0.0,0.0,0.0
0.0,0,0.0,0.0,0.0,0.0,0.0,0.9999666677777408,0.0,0.0,0.0,0.0
0.0,0,0.0,0.0,0.0,0.0,0.0,0.9999666677777408,0.0,0.0,0.0,0.0
0.0,0,0.0,0.0,0.0,0.0,0.0,0.9999666677777408,0.0,0.0,0.0,0.0
0.0,0,1.0,0.0,0.0,0.0,0.0,0.7999680012799488,0.0,0.0,0.0,0.0
0.0,0,1.0,0.0,0.0,0.0,0.0,0.7999680012799488,0.0,0.0,0.0,0.0
0.0,0,1.0,0.0,0.0,0.0,0.0,0.7999680012799488,0.0,0.0,0.0,0.0
0.0,0,1.0,0.0,0.0,0.0,0.0,0.7999680012799488,0.0,0.0,0.0,0.0
0.0,0,1.0,0.0,0.0,0.0,0.0,0.7999680012799488,0.0,0.0,0.0,0.0
0.0,0,1.0,0.0,0.0,0.0,0.0,0.7999680012799488,0.0,0.0,0.0,0.0
0.0,0,1.0,0.0,0.0,0.0,0.0,0.7999680012799488,0.0,0.0,0.0,0.0
0.0,0,1.0,0.0,0.0,0.0,0.0,0.7999680012799488,0.0,0.0,0.0,0.0
0.0,0,1.0,0.0,0.0,0.0,0.0,0.7999680012799488,0.0,0.0,0.0,0.0
0.0,0,1.0,0.0,0.0,0.0,0.0,0.7999680012799488,0.0,0.0,0.0,0.0
0.0,0,1.0,0.0,0.0,0.0,0.0,0.7999680012799488,0.0,0.0,0.0,0.0
0.0,0,1.0,0.0,0.0,0.0,0.0,0.7999680012799488,0.0,0.0,0.0,0.0
0.0,0,1.0,0.0,0.0,0.0,0.0,0.7999680012799488,0.0,0.0,0.0,0.0
0.0,0,1.0,0.0,0.0,0.0,0.0,0.7999680012799488,0.0,0.0,0.0,0.0
0.0,0,0.0,0.0,0.0,0.0,0.0,0.9999968750097656,0.0,0.0,0.0,0.0
0.0,0,0.0,0.0,0.0,0.0,0.0,0.9999968750097656,0.0,0.0,0.0,0.0
0.0,0,1.0,0.0,0.0,0.0,0.0,0.8571183680466272,0.0,0.0,0.0,0.0
0.0,0,1.0,0.0,0.0,0.0,0.0,0.8571183680466272,0.0,0.0,0.0,0.0
0.0,0,0.0,0.0,0.0,0.0,0.0,0.999960001599936,0.0,0.0,0.0,0.0
0.0,0,0.0,0.0,0.0,0.0,0.0,0.999960001599936,0.0,0.0,0.0,0.0
0.0,0,0.0,0.0,0.0,0.0,0.0,0.999960001599936,0.0,0.0,0.0,0.0
0.0,0,0.0,0.0,0.0,0.0,0.0,0.999960001599936,0.0,0.0,0.0,0.0
0.0,0,1.0,0.0,0.0,0.0,0.0,0.7999680012799488,0.0,0.0,0.0,0.0
0.0,0,1.0,0.0,0.0,0.0,0.0,0.7999680012799488,0.0,0.0,0.0,0.0
0.0,0,1.0,0.0,0.0,0.0,0.0,0.7999680012799488,0.0,0.0,0.0,0.0
0.0,0,1.0,0.0,0.0,0.0,0.0,0.7999680012799488,0.0,0.0,0.0,0.0
0.0,0,0.0,0.0,0.0,0.0,0.0,0.999950002499875,0.0,0.0,0.0,0.0
0.0,0,0.0,0.0,0.0,0.0,0.0,0.999950002499875,0.0,0.0,0.0,0.0
0.0,0,0.0,0.0,0.0,0.0,0.0,0.999950002499875,0.0,0.0,0.0,0.0
0.0,0,0.0,0.0,0.0,0.0,0.0,0.999950002499875,0.0,0.0,0.0,0.0
0.0,0,0.0,0.0,0.0,0.0,0.0,0.999950002499875,0.0,0.0,0.0,0.0
0.0,0,0.0,0.0,0.0,0.0,0.0,0.999950002499875,0.0,0.0,0.0,0.0
0.0,0,0.0,0.0,0.0,0.0,0.0,0.999950002499875,0.0,0.0,0.0,0.0
0.0,0,0.0,0.0,0.0,0.0,0.0,0.999950002499875,0.0,0.0,0.0,0.0
0.0,0,0.0,0.0,0.0,0.0,0.0,0.999950002499875,0.0,0.0,0.0,0.0
0.0,0,0.0,0.0,0.0,0.0,0.0,0.999950002499875,0.0,0.0,0.0,0.0
0.0,0,0.0,0.0,0.0,0.0,0.0,0.999950002499875,0.0,0.0,0.0,0.0
0.0,0,0.0,0.0,0.0,0.0,0.0,0.999950002499875,0.0,0.0,0.0,0.0
0.0,0,0.0,0.0,0.0,0.0,0.0,0.999950002499875,0.0,0.0,0.0,0.0
0.0,0,0.0,0.0,0.0,0.0,0.0,0.9999916667361105,0.0,0.0,0.0,0.0
0.0,0,0.0,0.0,0.0,0.0,0.0,0.9999916667361105,0.0,0.0,0.0,0.0
0.0,0,0.0,0.0,0.0,0.0,0.0,0.9999916667361105,0.0,0.0,0.0,0.0
0.0,0,0.0,0.0,0.0,0.0,0.0,0.9999916667361105,0.0,0.0,0.0,0.0
0.0,0,0.0,0.0,0.0,0.0,0.0,0.9999916667361105,0.0,0.0,0.0,0.0
0.0,0,0.0,0.0,0.0,0.0,1.0,0.7999680012799488,0.0,0.0,0.0,0.0
0.0,0,0.0,0.0,0.0,0.0,1.0,0.7999680012799488,0.0,0.0,0.0,0.0
0.0,0,0.0,0.0,0.0,0.0,1.0,0.7999680012799488,0.0,0.0,0.0,0.0
0.0,0,0.0,0.0,0.0,0.0,0.0,0.9696910927812559,0.0,0.0,0.0,1.0
0.0,0,0.0,0.0,0.0,0.0,0.0,0.9696910927812559,0.0,0.0,0.0,1.0
0.0,0,0.0,0.0,0.0,0.0,0.0,0.9999923077514788,0.0,0.0,0.0,0.0
0.0,0,0.0,0.0,0.0,0.0,0.0,0.9999923077514788,0.0,0.0,0.0,0.0
0.0,0,0.0,0.0,0.0,0.0,0.0,0.9999923077514788,0.0,0.0,0.0,0.0
0.0,0,0.0,0.0,0.0,0.0,0.0,0.9999923077514788,0.0,0.0,0.0,0.0
0.0,0,0.0,0.0,0.0,0.0,0.0,0.9999923077514788,0.0,0.0,0.0,0.0
0.0,0,0.0,0.0,0.0,0.0,0.0,0.9999923077514788,0.0,0.0,0.0,0.0
0.0,0,0.0,0.0,0.0,0.0,0.0,0.9999928571938772,0.0,0.0,0.0,0.0
0.0,0,0.0,0.0,0.0,0.0,0.0,0.9999928571938772,0.0,0.0,0.0,0.0
0.0,0,0.0,0.0,0.0,0.0,0.0,0.9999928571938772,0.0,0.0,0.0,0.0
